File,Screen,PreviousState,FinalState,Light,Dark,RTL,LTR,LoadingEmptyError,BackendConnected,Status,References,Reachable,OpenedOnDevice,Loading,Empty,Error,Scroll,Keyboard,Notes
lib/features/auth/screens/forget_password_screen.dart,ForgotPasswordScreen,LEGACY,Shared Alline theme; legacy layout / full QA pending,PARTIAL — selected golden/widgets only,PARTIAL — selected golden/widgets only,PARTIAL — selected goldens/widgets only,PARTIAL — core widgets only,Source-level / full runtime pending,PARTIAL — related local API smoke; screen runtime unverified,BLOCKED — device QA not run,lib/features/auth/screens/login_screen.dart,Static reference found; runtime route unverified,NO — ADB empty,PARTIAL — source/widget coverage,PARTIAL — source/widget coverage,PARTIAL — source/widget coverage,NOT EXECUTED on device,NOT EXECUTED on device,No physical/emulated ADB device during Phase 4.2.
lib/features/auth/screens/login_screen.dart,LoginScreen,LEGACY,Shared Alline theme; legacy layout / full QA pending,PARTIAL — selected golden/widgets only,PARTIAL — selected golden/widgets only,PARTIAL — selected goldens/widgets only,PARTIAL — core widgets only,Source-level / full runtime pending,PARTIAL — related local API smoke; screen runtime unverified,PARTIAL — login not submitted,lib/data/api/api_checker.dart; lib/features/auth/screens/reset_password_screen.dart; lib/features/driver_onboarding/controllers/driver_onboarding_controller.dart; lib/features/driver_onboarding/screens/driver_registration_screen.dart; lib/features/driver_onboarding/screens/driver_welcome_screen.dart; lib/features/profile/screens/profile_screen.dart; lib/features/splash/screens/splash_screen.dart; lib/helper/notification_helper.dart,Static reference found; runtime route unverified,PARTIAL — login view seen in task preview; no input,PARTIAL — source/widget coverage,PARTIAL — source/widget coverage,PARTIAL — source/widget coverage,NOT EXECUTED on device,NOT EXECUTED on device,Foreground focus switched to Facebook; do not infer login PASS.
lib/features/auth/screens/otp_verification_screen.dart,VerificationScreen,LEGACY,Shared Alline theme; legacy layout / full QA pending,PARTIAL — selected golden/widgets only,PARTIAL — selected golden/widgets only,PARTIAL — selected goldens/widgets only,PARTIAL — core widgets only,Source-level / full runtime pending,PARTIAL — related local API smoke; screen runtime unverified,BLOCKED — device QA not run,lib/features/auth/screens/forget_password_screen.dart,Static reference found; runtime route unverified,NO — ADB empty,PARTIAL — source/widget coverage,PARTIAL — source/widget coverage,PARTIAL — source/widget coverage,NOT EXECUTED on device,NOT EXECUTED on device,No physical/emulated ADB device during Phase 4.2.
lib/features/auth/screens/reset_password_screen.dart,ResetPasswordWidget,LEGACY,Shared Alline theme; legacy layout / full QA pending,PARTIAL — selected golden/widgets only,PARTIAL — selected golden/widgets only,PARTIAL — selected goldens/widgets only,PARTIAL — core widgets only,Source-level / full runtime pending,PARTIAL — related local API smoke; screen runtime unverified,BLOCKED — device QA not run,lib/features/auth/screens/otp_verification_screen.dart,Static reference found; runtime route unverified,NO — ADB empty,PARTIAL — source/widget coverage,PARTIAL — source/widget coverage,PARTIAL — source/widget coverage,NOT EXECUTED on device,NOT EXECUTED on device,No physical/emulated ADB device during Phase 4.2.
lib/features/chat/screens/chat_screen.dart,ChatScreen,LEGACY,Shared Alline theme; legacy layout / full QA pending,PARTIAL — selected golden/widgets only,PARTIAL — selected golden/widgets only,PARTIAL — selected goldens/widgets only,PARTIAL — core widgets only,Source-level / full runtime pending,PARTIAL — customer/seller/admin API HTTP 200; UI unverified,BLOCKED — device QA not run,lib/features/chat/widgets/conversation_item_card_widget.dart; lib/features/order_details/widgets/cal_chat_widget.dart,Static reference found; runtime route unverified,NO — ADB empty,PARTIAL — source/widget coverage,PARTIAL — source/widget coverage,PARTIAL — source/widget coverage,NOT EXECUTED on device,NOT EXECUTED on device,No physical/emulated ADB device during Phase 4.2.
lib/features/chat/screens/conversation_screen.dart,ConversationScreen,LEGACY,Alline composed UI,PARTIAL — selected golden/widgets only,PARTIAL — selected golden/widgets only,PARTIAL — selected goldens/widgets only,PARTIAL — core widgets only,Source-level / full runtime pending,PARTIAL — customer/seller/admin API HTTP 200; UI unverified,BLOCKED — device QA not run,lib/features/dashboard/controllers/dashboard_controller.dart; lib/features/dashboard/screens/dashboard_screen.dart,Static reference found; runtime route unverified,NO — ADB empty,PARTIAL — source/widget coverage,PARTIAL — source/widget coverage,PARTIAL — source/widget coverage,NOT EXECUTED on device,NOT EXECUTED on device,No physical/emulated ADB device during Phase 4.2.
lib/features/chat/screens/media_viewer_screen.dart,MediaViewerScreen,LEGACY,Shared Alline theme; legacy layout / full QA pending,PARTIAL — selected golden/widgets only,PARTIAL — selected golden/widgets only,PARTIAL — selected goldens/widgets only,PARTIAL — core widgets only,Source-level / full runtime pending,PARTIAL — customer/seller/admin API HTTP 200; UI unverified,BLOCKED — device QA not run,lib/features/chat/screens/chat_screen.dart; lib/features/chat/widgets/message_bubble_widget.dart,Static reference found; runtime route unverified,NO — ADB empty,PARTIAL — source/widget coverage,PARTIAL — source/widget coverage,PARTIAL — source/widget coverage,NOT EXECUTED on device,NOT EXECUTED on device,No physical/emulated ADB device during Phase 4.2.
lib/features/dashboard/screens/dashboard_screen.dart,DashboardScreen,LEGACY,Alline composed UI,PARTIAL — selected golden/widgets only,PARTIAL — selected golden/widgets only,PARTIAL — selected goldens/widgets only,PARTIAL — core widgets only,Source-level / full runtime pending,PARTIAL — related local API smoke; screen runtime unverified,BLOCKED — device QA not run,lib/features/auth/screens/login_screen.dart; lib/features/chat/screens/conversation_screen.dart; lib/features/driver_onboarding/controllers/driver_onboarding_controller.dart; lib/features/home/widgets/trip_status_widget.dart; lib/features/maintenance/maintenance_screen.dart; lib/features/notification/screens/notification_screen.dart; lib/features/order_details/screens/order_delivered_screen.dart; lib/features/order_details/screens/order_details_screen.dart; lib/features/splash/screens/splash_screen.dart; lib/features/wallet/screens/wallet_screen.dart; lib/helper/notification_helper.dart,Static reference found; runtime route unverified,NO — ADB empty,PARTIAL — source/widget coverage,PARTIAL — source/widget coverage,PARTIAL — source/widget coverage,NOT EXECUTED on device,NOT EXECUTED on device,No physical/emulated ADB device during Phase 4.2.
lib/features/driver_onboarding/screens/driver_changes_requested_screen.dart,DriverChangesRequestedScreen,LEGACY,Shared Alline theme; legacy layout / full QA pending,PARTIAL — selected golden/widgets only,PARTIAL — selected golden/widgets only,PARTIAL — selected goldens/widgets only,PARTIAL — core widgets only,Source-level / full runtime pending,PARTIAL — related local API smoke; screen runtime unverified,BLOCKED — device QA not run,lib/features/auth/screens/login_screen.dart; lib/features/driver_onboarding/controllers/driver_onboarding_controller.dart; lib/features/splash/screens/splash_screen.dart,Static reference found; runtime route unverified,NO — ADB empty,PARTIAL — source/widget coverage,PARTIAL — source/widget coverage,PARTIAL — source/widget coverage,NOT EXECUTED on device,NOT EXECUTED on device,No physical/emulated ADB device during Phase 4.2.
lib/features/driver_onboarding/screens/driver_documents_step_screen.dart,DriverDocumentsStepScreen,PARTIALLY REDESIGNED,Shared Alline theme; legacy layout / full QA pending,PARTIAL — selected golden/widgets only,PARTIAL — selected golden/widgets only,PARTIAL — selected goldens/widgets only,PARTIAL — core widgets only,Source-level / full runtime pending,PARTIAL — related local API smoke; screen runtime unverified,BLOCKED — device QA not run,lib/features/driver_onboarding/screens/driver_profile_step_screen.dart; lib/features/driver_onboarding/screens/driver_review_step_screen.dart,Static reference found; runtime route unverified,NO — ADB empty,PARTIAL — source/widget coverage,PARTIAL — source/widget coverage,PARTIAL — source/widget coverage,NOT EXECUTED on device,NOT EXECUTED on device,No physical/emulated ADB device during Phase 4.2.
lib/features/driver_onboarding/screens/driver_location_step_screen.dart,DriverLocationStepScreen,PARTIALLY REDESIGNED,Shared Alline theme; legacy layout / full QA pending,PARTIAL — selected golden/widgets only,PARTIAL — selected golden/widgets only,PARTIAL — selected goldens/widgets only,PARTIAL — core widgets only,Source-level / full runtime pending,PARTIAL — related local API smoke; screen runtime unverified,BLOCKED — device QA not run,lib/features/driver_onboarding/screens/driver_review_step_screen.dart; lib/features/driver_onboarding/screens/driver_vehicle_step_screen.dart,Static reference found; runtime route unverified,NO — ADB empty,PARTIAL — source/widget coverage,PARTIAL — source/widget coverage,PARTIAL — source/widget coverage,NOT EXECUTED on device,NOT EXECUTED on device,No physical/emulated ADB device during Phase 4.2.
lib/features/driver_onboarding/screens/driver_pending_approval_screen.dart,DriverPendingApprovalScreen,LEGACY,Shared Alline theme; legacy layout / full QA pending,PARTIAL — selected golden/widgets only,PARTIAL — selected golden/widgets only,PARTIAL — selected goldens/widgets only,PARTIAL — core widgets only,Source-level / full runtime pending,PARTIAL — related local API smoke; screen runtime unverified,BLOCKED — device QA not run,lib/features/auth/screens/login_screen.dart; lib/features/driver_onboarding/controllers/driver_onboarding_controller.dart; lib/features/splash/screens/splash_screen.dart,Static reference found; runtime route unverified,NO — ADB empty,PARTIAL — source/widget coverage,PARTIAL — source/widget coverage,PARTIAL — source/widget coverage,NOT EXECUTED on device,NOT EXECUTED on device,No physical/emulated ADB device during Phase 4.2.
lib/features/driver_onboarding/screens/driver_profile_step_screen.dart,DriverProfileStepScreen,PARTIALLY REDESIGNED,Shared Alline theme; legacy layout / full QA pending,PARTIAL — selected golden/widgets only,PARTIAL — selected golden/widgets only,PARTIAL — selected goldens/widgets only,PARTIAL — core widgets only,Source-level / full runtime pending,PARTIAL — related local API smoke; screen runtime unverified,BLOCKED — device QA not run,lib/features/auth/screens/login_screen.dart; lib/features/driver_onboarding/controllers/driver_onboarding_controller.dart; lib/features/driver_onboarding/screens/driver_changes_requested_screen.dart; lib/features/driver_onboarding/screens/driver_review_step_screen.dart; lib/features/splash/screens/splash_screen.dart,Static reference found; runtime route unverified,NO — ADB empty,PARTIAL — source/widget coverage,PARTIAL — source/widget coverage,PARTIAL — source/widget coverage,NOT EXECUTED on device,NOT EXECUTED on device,No physical/emulated ADB device during Phase 4.2.
lib/features/driver_onboarding/screens/driver_registration_otp_screen.dart,DriverRegistrationOtpScreen,LEGACY,Shared Alline theme; legacy layout / full QA pending,PARTIAL — selected golden/widgets only,PARTIAL — selected golden/widgets only,PARTIAL — selected goldens/widgets only,PARTIAL — core widgets only,Source-level / full runtime pending,PARTIAL — related local API smoke; screen runtime unverified,BLOCKED — device QA not run,lib/features/driver_onboarding/controllers/driver_onboarding_controller.dart,Static reference found; runtime route unverified,NO — ADB empty,PARTIAL — source/widget coverage,PARTIAL — source/widget coverage,PARTIAL — source/widget coverage,NOT EXECUTED on device,NOT EXECUTED on device,No physical/emulated ADB device during Phase 4.2.
lib/features/driver_onboarding/screens/driver_registration_screen.dart,DriverRegistrationScreen,LEGACY,Shared Alline theme; legacy layout / full QA pending,PARTIAL — selected golden/widgets only,PARTIAL — selected golden/widgets only,PARTIAL — selected goldens/widgets only,PARTIAL — core widgets only,Source-level / full runtime pending,PARTIAL — related local API smoke; screen runtime unverified,BLOCKED — device QA not run,lib/features/driver_onboarding/screens/driver_welcome_screen.dart,Static reference found; runtime route unverified,NO — ADB empty,PARTIAL — source/widget coverage,PARTIAL — source/widget coverage,PARTIAL — source/widget coverage,NOT EXECUTED on device,NOT EXECUTED on device,No physical/emulated ADB device during Phase 4.2.
lib/features/driver_onboarding/screens/driver_rejected_screen.dart,DriverRejectedScreen,LEGACY,Shared Alline theme; legacy layout / full QA pending,PARTIAL — selected golden/widgets only,PARTIAL — selected golden/widgets only,PARTIAL — selected goldens/widgets only,PARTIAL — core widgets only,Source-level / full runtime pending,PARTIAL — related local API smoke; screen runtime unverified,BLOCKED — device QA not run,lib/features/auth/screens/login_screen.dart; lib/features/driver_onboarding/controllers/driver_onboarding_controller.dart; lib/features/splash/screens/splash_screen.dart,Static reference found; runtime route unverified,NO — ADB empty,PARTIAL — source/widget coverage,PARTIAL — source/widget coverage,PARTIAL — source/widget coverage,NOT EXECUTED on device,NOT EXECUTED on device,No physical/emulated ADB device during Phase 4.2.
lib/features/driver_onboarding/screens/driver_review_step_screen.dart,DriverReviewStepScreen,PARTIALLY REDESIGNED,Shared Alline theme; legacy layout / full QA pending,PARTIAL — selected golden/widgets only,PARTIAL — selected golden/widgets only,PARTIAL — selected goldens/widgets only,PARTIAL — core widgets only,Source-level / full runtime pending,PARTIAL — API HTTP 200; UI unverified,BLOCKED — device QA not run,lib/features/driver_onboarding/screens/driver_location_step_screen.dart,Static reference found; runtime route unverified,NO — ADB empty,PARTIAL — source/widget coverage,PARTIAL — source/widget coverage,PARTIAL — source/widget coverage,NOT EXECUTED on device,NOT EXECUTED on device,No physical/emulated ADB device during Phase 4.2.
lib/features/driver_onboarding/screens/driver_suspended_screen.dart,DriverSuspendedScreen,LEGACY,Shared Alline theme; legacy layout / full QA pending,PARTIAL — selected golden/widgets only,PARTIAL — selected golden/widgets only,PARTIAL — selected goldens/widgets only,PARTIAL — core widgets only,Source-level / full runtime pending,PARTIAL — related local API smoke; screen runtime unverified,BLOCKED — device QA not run,lib/features/auth/screens/login_screen.dart; lib/features/driver_onboarding/controllers/driver_onboarding_controller.dart; lib/features/splash/screens/splash_screen.dart,Static reference found; runtime route unverified,NO — ADB empty,PARTIAL — source/widget coverage,PARTIAL — source/widget coverage,PARTIAL — source/widget coverage,NOT EXECUTED on device,NOT EXECUTED on device,No physical/emulated ADB device during Phase 4.2.
lib/features/driver_onboarding/screens/driver_vehicle_step_screen.dart,DriverVehicleStepScreen,PARTIALLY REDESIGNED,Shared Alline theme; legacy layout / full QA pending,PARTIAL — selected golden/widgets only,PARTIAL — selected golden/widgets only,PARTIAL — selected goldens/widgets only,PARTIAL — core widgets only,Source-level / full runtime pending,PARTIAL — related local API smoke; screen runtime unverified,BLOCKED — device QA not run,lib/features/driver_onboarding/screens/driver_documents_step_screen.dart; lib/features/driver_onboarding/screens/driver_review_step_screen.dart,Static reference found; runtime route unverified,NO — ADB empty,PARTIAL — source/widget coverage,PARTIAL — source/widget coverage,PARTIAL — source/widget coverage,NOT EXECUTED on device,NOT EXECUTED on device,No physical/emulated ADB device during Phase 4.2.
lib/features/driver_onboarding/screens/driver_welcome_screen.dart,DriverWelcomeScreen,PARTIALLY REDESIGNED,Shared Alline theme; legacy layout / full QA pending,PARTIAL — selected golden/widgets only,PARTIAL — selected golden/widgets only,PARTIAL — selected goldens/widgets only,PARTIAL — core widgets only,Source-level / full runtime pending,PARTIAL — related local API smoke; screen runtime unverified,BLOCKED — device QA not run,lib/features/auth/screens/login_screen.dart; lib/features/onboard/screens/onboarding_screen.dart,Static reference found; runtime route unverified,NO — ADB empty,PARTIAL — source/widget coverage,PARTIAL — source/widget coverage,PARTIAL — source/widget coverage,NOT EXECUTED on device,NOT EXECUTED on device,No physical/emulated ADB device during Phase 4.2.
lib/features/earning_statement/screens/earning_statement_screen.dart,EarningStatementScreen,LEGACY,Shared Alline theme; legacy layout / full QA pending,PARTIAL — selected golden/widgets only,PARTIAL — selected golden/widgets only,PARTIAL — selected goldens/widgets only,PARTIAL — core widgets only,Source-level / full runtime pending,PARTIAL — earnings/deposits/pending/withdrawn HTTP 200; UI unverified,BLOCKED — device QA not run,lib/features/wallet/screens/wallet_screen.dart,Static reference found; runtime route unverified,NO — ADB empty,PARTIAL — source/widget coverage,PARTIAL — source/widget coverage,PARTIAL — source/widget coverage,NOT EXECUTED on device,NOT EXECUTED on device,No physical/emulated ADB device during Phase 4.2.
lib/features/emergency_contact/screens/emergency_contact_screen.dart,EmergencyContactScreen,LEGACY,Alline composed UI,PARTIAL — selected golden/widgets only,PARTIAL — selected golden/widgets only,PARTIAL — selected goldens/widgets only,PARTIAL — core widgets only,Source-level / full runtime pending,PARTIAL — API HTTP 200; UI unverified,BLOCKED — device QA not run,lib/features/profile/screens/profile_screen.dart,Static reference found; runtime route unverified,NO — ADB empty,PARTIAL — source/widget coverage,PARTIAL — source/widget coverage,PARTIAL — source/widget coverage,NOT EXECUTED on device,NOT EXECUTED on device,No physical/emulated ADB device during Phase 4.2.
lib/features/help_and_support/screens/help_and_support_screen.dart,HelpAndSupportScreen,LEGACY,Alline composed UI,PARTIAL — selected golden/widgets only,PARTIAL — selected golden/widgets only,PARTIAL — selected goldens/widgets only,PARTIAL — core widgets only,Source-level / full runtime pending,PARTIAL — related local API smoke; screen runtime unverified,BLOCKED — device QA not run,lib/features/driver_onboarding/screens/driver_pending_approval_screen.dart; lib/features/driver_onboarding/screens/driver_rejected_screen.dart; lib/features/driver_onboarding/screens/driver_suspended_screen.dart; lib/features/profile/screens/profile_screen.dart,Static reference found; runtime route unverified,NO — ADB empty,PARTIAL — source/widget coverage,PARTIAL — source/widget coverage,PARTIAL — source/widget coverage,NOT EXECUTED on device,NOT EXECUTED on device,No physical/emulated ADB device during Phase 4.2.
lib/features/home/screens/home_screen.dart,HomeScreen,PARTIALLY REDESIGNED,Alline composed UI,PARTIAL — selected golden/widgets only,PARTIAL — selected golden/widgets only,PARTIAL — selected goldens/widgets only,PARTIAL — core widgets only,Source-level / full runtime pending,PARTIAL — related local API smoke; screen runtime unverified,BLOCKED — device QA not run,lib/features/dashboard/controllers/dashboard_controller.dart,Static reference found; runtime route unverified,NO — ADB empty,PARTIAL — source/widget coverage,PARTIAL — source/widget coverage,PARTIAL — source/widget coverage,NOT EXECUTED on device,NOT EXECUTED on device,No physical/emulated ADB device during Phase 4.2.
lib/features/language/screens/choose_language_screen.dart,ChooseLanguageScreen,LEGACY,Shared Alline theme; legacy layout / full QA pending,PARTIAL — selected golden/widgets only,PARTIAL — selected golden/widgets only,PARTIAL — selected goldens/widgets only,PARTIAL — core widgets only,Source-level / full runtime pending,PARTIAL — related local API smoke; screen runtime unverified,BLOCKED — device QA not run,lib/features/setting/screens/setting_screen.dart,Static reference found; runtime route unverified,NO — ADB empty,PARTIAL — source/widget coverage,PARTIAL — source/widget coverage,PARTIAL — source/widget coverage,NOT EXECUTED on device,NOT EXECUTED on device,No physical/emulated ADB device during Phase 4.2.
lib/features/live_tracking/screens/order_tracking_screen.dart,OrderLiveTrackingScreen,LEGACY,Alline composed UI,PARTIAL — selected golden/widgets only,PARTIAL — selected golden/widgets only,PARTIAL — selected goldens/widgets only,PARTIAL — core widgets only,Source-level / full runtime pending,"PARTIAL — current/history HTTP 200, zero orders",BLOCKED — device QA not run,lib/features/home/widgets/alline_active_delivery_card.dart; lib/features/home/widgets/ongoing_order_card_widget.dart; lib/features/home/widgets/on_going_order_map_widget.dart; lib/features/order_details/widgets/order_info_with_customer_widget.dart,Static reference found; runtime route unverified,NO — ADB empty,PARTIAL — source/widget coverage,PARTIAL — source/widget coverage,PARTIAL — source/widget coverage,NOT EXECUTED on device,NOT EXECUTED on device,No physical/emulated ADB device during Phase 4.2.
lib/features/maintenance/maintenance_screen.dart,MaintenanceScreen,LEGACY,Shared Alline theme; legacy layout / full QA pending,PARTIAL — selected golden/widgets only,PARTIAL — selected golden/widgets only,PARTIAL — selected goldens/widgets only,PARTIAL — core widgets only,Source-level / full runtime pending,PARTIAL — related local API smoke; screen runtime unverified,BLOCKED — device QA not run,lib/features/splash/controllers/splash_controller.dart; lib/features/splash/screens/splash_screen.dart; lib/helper/notification_helper.dart,Static reference found; runtime route unverified,NO — ADB empty,PARTIAL — source/widget coverage,PARTIAL — source/widget coverage,PARTIAL — source/widget coverage,NOT EXECUTED on device,NOT EXECUTED on device,No physical/emulated ADB device during Phase 4.2.
lib/features/notification/screens/notification_screen.dart,NotificationScreen,LEGACY,Alline composed UI,PARTIAL — selected golden/widgets only,PARTIAL — selected golden/widgets only,PARTIAL — selected goldens/widgets only,PARTIAL — core widgets only,Source-level / full runtime pending,PARTIAL — API HTTP 200; UI/push unverified,BLOCKED — device QA not run,lib/common/basewidgets/custom_app_bar_widget.dart; lib/features/splash/screens/splash_screen.dart; lib/helper/notification_helper.dart,Static reference found; runtime route unverified,NO — ADB empty,PARTIAL — source/widget coverage,PARTIAL — source/widget coverage,PARTIAL — source/widget coverage,NOT EXECUTED on device,NOT EXECUTED on device,No physical/emulated ADB device during Phase 4.2.
lib/features/onboard/screens/onboarding_screen.dart,OnBoardingScreen,LEGACY,Alline composed UI,PARTIAL — selected golden/widgets only,PARTIAL — selected golden/widgets only,PARTIAL — selected goldens/widgets only,PARTIAL — core widgets only,Source-level / full runtime pending,PARTIAL — related local API smoke; screen runtime unverified,BLOCKED — device QA not run,lib/features/splash/screens/splash_screen.dart,Static reference found; runtime route unverified,NO — ADB empty,PARTIAL — source/widget coverage,PARTIAL — source/widget coverage,PARTIAL — source/widget coverage,NOT EXECUTED on device,NOT EXECUTED on device,No physical/emulated ADB device during Phase 4.2.
lib/features/order/screens/order_history_screen.dart,OrderHistoryScreen,PARTIALLY REDESIGNED,Shared Alline theme; legacy layout / full QA pending,PARTIAL — selected golden/widgets only,PARTIAL — selected golden/widgets only,PARTIAL — selected goldens/widgets only,PARTIAL — core widgets only,Source-level / full runtime pending,"PARTIAL — current/history HTTP 200, zero orders",BLOCKED — device QA not run,lib/features/dashboard/controllers/dashboard_controller.dart; lib/features/dashboard/screens/dashboard_screen.dart; lib/features/home/widgets/trip_status_widget.dart,Static reference found; runtime route unverified,NO — ADB empty,PARTIAL — source/widget coverage,PARTIAL — source/widget coverage,PARTIAL — source/widget coverage,NOT EXECUTED on device,NOT EXECUTED on device,No physical/emulated ADB device during Phase 4.2.
lib/features/order_details/screens/order_delivered_screen.dart,OrderDeliveredScreen,LEGACY,Alline composed UI,PARTIAL — selected golden/widgets only,PARTIAL — selected golden/widgets only,PARTIAL — selected goldens/widgets only,PARTIAL — core widgets only,Source-level / full runtime pending,"PARTIAL — current/history HTTP 200, zero orders",BLOCKED — device QA not run,lib/features/order_details/screens/order_details_screen.dart; lib/features/order_details/widgets/order_status_change_custom_button_widget.dart; lib/features/order_details/widgets/verify_otp_sheet_widget.dart,Static reference found; runtime route unverified,NO — ADB empty,PARTIAL — source/widget coverage,PARTIAL — source/widget coverage,PARTIAL — source/widget coverage,NOT EXECUTED on device,NOT EXECUTED on device,No physical/emulated ADB device during Phase 4.2.
lib/features/order_details/screens/order_details_screen.dart,OrderDetailsScreen,PARTIALLY REDESIGNED,Shared Alline theme; legacy layout / full QA pending,PARTIAL — selected golden/widgets only,PARTIAL — selected golden/widgets only,PARTIAL — selected goldens/widgets only,PARTIAL — core widgets only,Source-level / full runtime pending,"PARTIAL — current/history HTTP 200, zero orders",BLOCKED — device QA not run,lib/features/earning_statement/widgets/earning_statement_card_widget.dart; lib/features/home/widgets/alline_active_delivery_card.dart; lib/features/home/widgets/ongoing_order_card_widget.dart; lib/features/notification/widgets/notification_card_item_widget.dart; lib/features/order/widgets/alline_order_history_item_widget.dart; lib/features/order/widgets/order_history_item_widget.dart; lib/features/order_details/screens/order_delivered_screen.dart; lib/features/splash/screens/splash_screen.dart; lib/helper/notification_helper.dart,Static reference found; runtime route unverified,NO — ADB empty,PARTIAL — source/widget coverage,PARTIAL — source/widget coverage,PARTIAL — source/widget coverage,NOT EXECUTED on device,NOT EXECUTED on device,No physical/emulated ADB device during Phase 4.2.
lib/features/profile/screens/bank_info_edit_screen.dart,BankInfoEditScreen,LEGACY,Shared Alline theme; legacy layout / full QA pending,PARTIAL — selected golden/widgets only,PARTIAL — selected golden/widgets only,PARTIAL — selected goldens/widgets only,PARTIAL — core widgets only,Source-level / full runtime pending,PARTIAL — related local API smoke; screen runtime unverified,BLOCKED — device QA not run,lib/features/profile/screens/bank_info_screen.dart,Static reference found; runtime route unverified,NO — ADB empty,PARTIAL — source/widget coverage,PARTIAL — source/widget coverage,PARTIAL — source/widget coverage,NOT EXECUTED on device,NOT EXECUTED on device,No physical/emulated ADB device during Phase 4.2.
lib/features/profile/screens/bank_info_screen.dart,BankInfoScreen,LEGACY,Alline composed UI,PARTIAL — selected golden/widgets only,PARTIAL — selected golden/widgets only,PARTIAL — selected goldens/widgets only,PARTIAL — core widgets only,Source-level / full runtime pending,PARTIAL — related local API smoke; screen runtime unverified,BLOCKED — device QA not run,lib/features/profile/screens/profile_screen.dart; lib/features/withdraw/screens/withdraw_request_screen.dart,Static reference found; runtime route unverified,NO — ADB empty,PARTIAL — source/widget coverage,PARTIAL — source/widget coverage,PARTIAL — source/widget coverage,NOT EXECUTED on device,NOT EXECUTED on device,No physical/emulated ADB device during Phase 4.2.
lib/features/profile/screens/driver_records_screen.dart,DriverRecordsScreen,NEW,Alline composed UI,PARTIAL — selected golden/widgets only,PARTIAL — selected golden/widgets only,PARTIAL — selected goldens/widgets only,PARTIAL — core widgets only,Source-level / full runtime pending,PARTIAL — related local API smoke; screen runtime unverified,BLOCKED — device QA not run,lib/features/profile/screens/profile_screen.dart,Static reference found; runtime route unverified,NO — ADB empty,PARTIAL — source/widget coverage,PARTIAL — source/widget coverage,PARTIAL — source/widget coverage,NOT EXECUTED on device,NOT EXECUTED on device,No physical/emulated ADB device during Phase 4.2.
lib/features/profile/screens/edit_profile_screen.dart,ProfileEditScreen,LEGACY,Alline composed UI,PARTIAL — selected golden/widgets only,PARTIAL — selected golden/widgets only,PARTIAL — selected goldens/widgets only,PARTIAL — core widgets only,Source-level / full runtime pending,PARTIAL — related local API smoke; screen runtime unverified,BLOCKED — device QA not run,lib/features/profile/screens/profile_screen.dart; lib/features/profile/widgets/profile_header_widget.dart,Static reference found; runtime route unverified,NO — ADB empty,PARTIAL — source/widget coverage,PARTIAL — source/widget coverage,PARTIAL — source/widget coverage,NOT EXECUTED on device,NOT EXECUTED on device,No physical/emulated ADB device during Phase 4.2.
lib/features/profile/screens/html_view_screen.dart,HtmlViewScreen,LEGACY,Shared Alline theme; legacy layout / full QA pending,PARTIAL — selected golden/widgets only,PARTIAL — selected golden/widgets only,PARTIAL — selected goldens/widgets only,PARTIAL — core widgets only,Source-level / full runtime pending,PARTIAL — related local API smoke; screen runtime unverified,BLOCKED — device QA not run,lib/features/auth/screens/login_screen.dart; lib/features/profile/screens/profile_screen.dart,Static reference found; runtime route unverified,NO — ADB empty,PARTIAL — source/widget coverage,PARTIAL — source/widget coverage,PARTIAL — source/widget coverage,NOT EXECUTED on device,NOT EXECUTED on device,No physical/emulated ADB device during Phase 4.2.
lib/features/profile/screens/profile_screen.dart,ProfileScreen,LEGACY,Alline composed UI,PARTIAL — selected golden/widgets only,PARTIAL — selected golden/widgets only,PARTIAL — selected goldens/widgets only,PARTIAL — core widgets only,Source-level / full runtime pending,PARTIAL — related local API smoke; screen runtime unverified,BLOCKED — device QA not run,lib/features/dashboard/controllers/dashboard_controller.dart; lib/features/dashboard/screens/dashboard_screen.dart; lib/features/profile/widgets/profile_header_widget.dart,Static reference found; runtime route unverified,NO — ADB empty,PARTIAL — source/widget coverage,PARTIAL — source/widget coverage,PARTIAL — source/widget coverage,NOT EXECUTED on device,NOT EXECUTED on device,No physical/emulated ADB device during Phase 4.2.
lib/features/review/screens/review_screen.dart,ReviewScreen,LEGACY,Shared Alline theme; legacy layout / full QA pending,PARTIAL — selected golden/widgets only,PARTIAL — selected golden/widgets only,PARTIAL — selected goldens/widgets only,PARTIAL — core widgets only,Source-level / full runtime pending,PARTIAL — API HTTP 200; UI unverified,BLOCKED — device QA not run,lib/features/profile/screens/profile_screen.dart,Static reference found; runtime route unverified,NO — ADB empty,PARTIAL — source/widget coverage,PARTIAL — source/widget coverage,PARTIAL — source/widget coverage,NOT EXECUTED on device,NOT EXECUTED on device,No physical/emulated ADB device during Phase 4.2.
lib/features/setting/screens/setting_screen.dart,SettingScreen,LEGACY,Alline composed UI,PARTIAL — selected golden/widgets only,PARTIAL — selected golden/widgets only,PARTIAL — selected goldens/widgets only,PARTIAL — core widgets only,Source-level / full runtime pending,PARTIAL — related local API smoke; screen runtime unverified,BLOCKED — device QA not run,lib/features/profile/screens/profile_screen.dart,Static reference found; runtime route unverified,NO — ADB empty,PARTIAL — source/widget coverage,PARTIAL — source/widget coverage,PARTIAL — source/widget coverage,NOT EXECUTED on device,NOT EXECUTED on device,No physical/emulated ADB device during Phase 4.2.
lib/features/splash/screens/splash_screen.dart,SplashScreen,LEGACY,Shared Alline theme; legacy layout / full QA pending,PARTIAL — selected golden/widgets only,PARTIAL — selected golden/widgets only,PARTIAL — selected goldens/widgets only,PARTIAL — core widgets only,Source-level / full runtime pending,PARTIAL — related local API smoke; screen runtime unverified,PARTIAL — brief launch only,lib/main.dart,Static reference found; runtime route unverified,PARTIAL — splash frame seen; foreground later changed,PARTIAL — source/widget coverage,PARTIAL — source/widget coverage,PARTIAL — source/widget coverage,NOT EXECUTED on device,NOT EXECUTED on device,MainActivity process observed; no stable device walkthrough.
lib/features/update/screen/update_screen.dart,UpdateScreen,LEGACY,Shared Alline theme; legacy layout / full QA pending,PARTIAL — selected golden/widgets only,PARTIAL — selected golden/widgets only,PARTIAL — selected goldens/widgets only,PARTIAL — core widgets only,Source-level / full runtime pending,PARTIAL — related local API smoke; screen runtime unverified,BLOCKED — device QA not run,lib/features/splash/screens/splash_screen.dart,Static reference found; runtime route unverified,NO — ADB empty,PARTIAL — source/widget coverage,PARTIAL — source/widget coverage,PARTIAL — source/widget coverage,NOT EXECUTED on device,NOT EXECUTED on device,No physical/emulated ADB device during Phase 4.2.
lib/features/wallet/screens/wallet_screen.dart,WalletScreen,LEGACY,Alline composed UI,PARTIAL — selected golden/widgets only,PARTIAL — selected golden/widgets only,PARTIAL — selected goldens/widgets only,PARTIAL — core widgets only,Source-level / full runtime pending,PARTIAL — earnings/deposits/pending/withdrawn HTTP 200; UI unverified,BLOCKED — device QA not run,lib/features/dashboard/controllers/dashboard_controller.dart; lib/features/dashboard/screens/dashboard_screen.dart; lib/features/home/widgets/balance_withdraw_widget.dart; lib/features/home/widgets/earn_statement_widget.dart; lib/features/profile/screens/profile_screen.dart; lib/features/splash/screens/splash_screen.dart; lib/helper/notification_helper.dart,Static reference found; runtime route unverified,NO — ADB empty,PARTIAL — source/widget coverage,PARTIAL — source/widget coverage,PARTIAL — source/widget coverage,NOT EXECUTED on device,NOT EXECUTED on device,No physical/emulated ADB device during Phase 4.2.
lib/features/withdraw/screens/withdraw_request_screen.dart,BalanceWithdrawScreen,LEGACY,Alline composed UI,PARTIAL — selected golden/widgets only,PARTIAL — selected golden/widgets only,PARTIAL — selected goldens/widgets only,PARTIAL — core widgets only,Source-level / full runtime pending,PARTIAL — earnings/deposits/pending/withdrawn HTTP 200; UI unverified,BLOCKED — device QA not run,lib/features/wallet/widgets/wallet_withdraw_send_card_widget.dart,Static reference found; runtime route unverified,NO — ADB empty,PARTIAL — source/widget coverage,PARTIAL — source/widget coverage,PARTIAL — source/widget coverage,NOT EXECUTED on device,NOT EXECUTED on device,No physical/emulated ADB device during Phase 4.2.
